{
    "total_runtime": 25.32922101020813,
    "num_documents": 1,
    "input_load_time": 0,
    "workflows": {
        "create_base_text_units": {
            "overall": 0.15589570999145508,
            "0_orderby": 0.005450010299682617,
            "1_zip": 0.0018889904022216797,
            "2_aggregate_override": 0.003815174102783203,
            "3_chunk": 0.11653614044189453,
            "4_select": 0.004231929779052734,
            "5_unroll": 0.004829883575439453,
            "6_rename": 0.0019638538360595703,
            "7_genid": 0.0025060176849365234,
            "8_unzip": 0.002434968948364258,
            "9_copy": 0.002134084701538086,
            "10_filter": 0.008745908737182617
        },
        "create_base_extracted_entities": {
            "overall": 11.528547048568726,
            "0_entity_extract": 11.51108193397522,
            "1_merge_graphs": 0.014887094497680664
        },
        "create_summarized_entities": {
            "overall": 1.5136780738830566,
            "0_summarize_descriptions": 1.511018991470337
        },
        "create_base_entity_graph": {
            "overall": 0.016093015670776367,
            "0_cluster_graph": 0.009469985961914062,
            "1_select": 0.003679037094116211
        },
        "create_final_entities": {
            "overall": 1.7261261940002441,
            "0_unpack_graph": 0.004589080810546875,
            "1_rename": 0.003735065460205078,
            "2_select": 0.0036199092864990234,
            "3_dedupe": 0.00475001335144043,
            "4_rename": 0.0045549869537353516,
            "5_filter": 0.009791374206542969,
            "6_text_split": 0.0042760372161865234,
            "7_drop": 0.004422903060913086,
            "8_merge": 0.006838798522949219,
            "9_text_embed": 1.633242130279541,
            "10_drop": 0.00529789924621582,
            "11_filter": 0.03751206398010254
        },
        "create_final_nodes": {
            "overall": 0.10009074211120605,
            "0_layout_graph": 0.010016202926635742,
            "1_unpack_graph": 0.0062639713287353516,
            "2_unpack_graph": 0.0071299076080322266,
            "3_drop": 0.010800838470458984,
            "4_filter": 0.01223134994506836,
            "5_select": 0.005276918411254883,
            "6_rename": 0.0058498382568359375,
            "7_convert": 0.0225069522857666,
            "8_join": 0.009160995483398438,
            "9_rename": 0.006147861480712891
        },
        "create_final_communities": {
            "overall": 0.13816308975219727,
            "0_unpack_graph": 0.00821685791015625,
            "1_unpack_graph": 0.0077931880950927734,
            "2_aggregate_override": 0.009652853012084961,
            "3_join": 0.010863065719604492,
            "4_join": 0.008980989456176758,
            "5_concat": 0.006654262542724609,
            "6_filter": 0.015579938888549805,
            "7_aggregate_override": 0.007693767547607422,
            "8_join": 0.009066104888916016,
            "9_filter": 0.01697993278503418,
            "10_fill": 0.00706791877746582,
            "11_merge": 0.007790803909301758,
            "12_copy": 0.007448673248291016,
            "13_select": 0.007727861404418945
        },
        "join_text_units_to_entity_ids": {
            "overall": 0.033360958099365234,
            "0_select": 0.008233785629272461,
            "1_unroll": 0.008385181427001953,
            "2_aggregate_override": 0.009089946746826172
        },
        "create_final_relationships": {
            "overall": 0.1691141128540039,
            "0_unpack_graph": 0.011953353881835938,
            "1_filter": 0.02462482452392578,
            "2_rename": 0.025486230850219727,
            "3_filter": 0.02490687370300293,
            "4_drop": 0.011470794677734375,
            "5_compute_edge_combined_degree": 0.011627912521362305,
            "6_convert": 0.020009994506835938,
            "7_convert": 0.009338140487670898
        },
        "join_text_units_to_relationship_ids": {
            "overall": 0.05351400375366211,
            "0_select": 0.009874820709228516,
            "1_unroll": 0.010810136795043945,
            "2_aggregate_override": 0.01263880729675293,
            "3_select": 0.010319948196411133
        },
        "create_final_community_reports": {
            "overall": 7.048443078994751,
            "0_prepare_community_reports_nodes": 0.01046609878540039,
            "1_prepare_community_reports_edges": 0.010380029678344727,
            "2_restore_community_hierarchy": 0.01122283935546875,
            "3_prepare_community_reports": 0.02128005027770996,
            "4_create_community_reports": 6.971002101898193,
            "5_window": 0.01437687873840332
        },
        "create_final_text_units": {
            "overall": 0.08374404907226562,
            "0_select": 0.010834932327270508,
            "1_rename": 0.011141061782836914,
            "2_join": 0.013143062591552734,
            "3_join": 0.013996124267578125,
            "4_aggregate_override": 0.012213706970214844,
            "5_select": 0.011372804641723633
        },
        "create_base_documents": {
            "overall": 0.13031697273254395,
            "0_unroll": 0.011887073516845703,
            "1_select": 0.011681079864501953,
            "2_rename": 0.01172780990600586,
            "3_join": 0.013393163681030273,
            "4_aggregate_override": 0.013653993606567383,
            "5_join": 0.015167951583862305,
            "6_rename": 0.012601137161254883,
            "7_convert": 0.028732776641845703
        },
        "create_final_documents": {
            "overall": 0.0249176025390625,
            "0_rename": 0.012473106384277344
        }
    }
}