{
    "total_runtime": 11.05235481262207,
    "num_documents": 1,
    "input_load_time": 0,
    "workflows": {
        "create_base_text_units": {
            "overall": 0.16176295280456543,
            "0_orderby": 0.009695053100585938,
            "1_zip": 0.001870870590209961,
            "2_aggregate_override": 0.009237289428710938,
            "3_chunk": 0.11466193199157715,
            "4_select": 0.0032639503479003906,
            "5_unroll": 0.004707813262939453,
            "6_rename": 0.0017879009246826172,
            "7_genid": 0.002051115036010742,
            "8_unzip": 0.002439260482788086,
            "9_copy": 0.0021581649780273438,
            "10_filter": 0.008292198181152344
        },
        "create_base_extracted_entities": {
            "overall": 0.03794598579406738,
            "0_entity_extract": 0.029993057250976562,
            "1_merge_graphs": 0.0055730342864990234
        },
        "create_summarized_entities": {
            "overall": 0.013109922409057617,
            "0_summarize_descriptions": 0.009956121444702148
        },
        "create_base_entity_graph": {
            "overall": 0.016319990158081055,
            "0_cluster_graph": 0.009965658187866211,
            "1_select": 0.0032019615173339844
        },
        "create_final_entities": {
            "overall": 1.47458815574646,
            "0_unpack_graph": 0.004291057586669922,
            "1_rename": 0.0039501190185546875,
            "2_select": 0.003911018371582031,
            "3_dedupe": 0.0048828125,
            "4_rename": 0.004422903060913086,
            "5_filter": 0.009349822998046875,
            "6_text_split": 0.004264354705810547,
            "7_drop": 0.004453182220458984,
            "8_merge": 0.007329225540161133,
            "9_text_embed": 1.401524305343628,
            "10_drop": 0.00737309455871582,
            "11_filter": 0.015440940856933594
        },
        "create_final_nodes": {
            "overall": 0.09238100051879883,
            "0_layout_graph": 0.009841203689575195,
            "1_unpack_graph": 0.00632786750793457,
            "2_unpack_graph": 0.006781101226806641,
            "3_drop": 0.005204916000366211,
            "4_filter": 0.0120391845703125,
            "5_select": 0.005269050598144531,
            "6_rename": 0.005403757095336914,
            "7_convert": 0.02103877067565918,
            "8_join": 0.009869813919067383,
            "9_rename": 0.005836009979248047
        },
        "create_final_communities": {
            "overall": 0.14729690551757812,
            "0_unpack_graph": 0.007093191146850586,
            "1_unpack_graph": 0.007230997085571289,
            "2_aggregate_override": 0.009299993515014648,
            "3_join": 0.008866071701049805,
            "4_join": 0.009470939636230469,
            "5_concat": 0.007632732391357422,
            "6_filter": 0.015633106231689453,
            "7_aggregate_override": 0.008382320404052734,
            "8_join": 0.009183883666992188,
            "9_filter": 0.017503976821899414,
            "10_fill": 0.015191078186035156,
            "11_merge": 0.01034688949584961,
            "12_copy": 0.00747990608215332,
            "13_select": 0.007730007171630859
        },
        "join_text_units_to_entity_ids": {
            "overall": 0.03299689292907715,
            "0_select": 0.00787806510925293,
            "1_unroll": 0.008581876754760742,
            "2_aggregate_override": 0.008483648300170898
        },
        "create_final_relationships": {
            "overall": 0.11295270919799805,
            "0_unpack_graph": 0.00931406021118164,
            "1_filter": 0.01829981803894043,
            "2_rename": 0.009617805480957031,
            "3_filter": 0.018645048141479492,
            "4_drop": 0.00859975814819336,
            "5_compute_edge_combined_degree": 0.010222911834716797,
            "6_convert": 0.02030181884765625,
            "7_convert": 0.009741067886352539
        },
        "join_text_units_to_relationship_ids": {
            "overall": 0.049912214279174805,
            "0_select": 0.009907007217407227,
            "1_unroll": 0.01058197021484375,
            "2_aggregate_override": 0.010614871978759766,
            "3_select": 0.009613990783691406
        },
        "create_final_community_reports": {
            "overall": 6.350306034088135,
            "0_prepare_community_reports_nodes": 0.010683774948120117,
            "1_prepare_community_reports_edges": 0.010797262191772461,
            "2_restore_community_hierarchy": 0.012232065200805664,
            "3_prepare_community_reports": 0.02043914794921875,
            "4_create_community_reports": 6.263321161270142,
            "5_window": 0.023003101348876953
        },
        "create_final_text_units": {
            "overall": 0.08470296859741211,
            "0_select": 0.010779142379760742,
            "1_rename": 0.010716915130615234,
            "2_join": 0.013041019439697266,
            "3_join": 0.013379096984863281,
            "4_aggregate_override": 0.014814138412475586,
            "5_select": 0.011126995086669922
        },
        "create_base_documents": {
            "overall": 0.1293482780456543,
            "0_unroll": 0.012233972549438477,
            "1_select": 0.012433767318725586,
            "2_rename": 0.011789083480834961,
            "3_join": 0.01371908187866211,
            "4_aggregate_override": 0.012536048889160156,
            "5_join": 0.015459060668945312,
            "6_rename": 0.013236045837402344,
            "7_convert": 0.0260009765625
        },
        "create_final_documents": {
            "overall": 0.025896072387695312,
            "0_rename": 0.01329183578491211
        }
    }
}