{
    "total_runtime": 37.106056928634644,
    "num_documents": 1,
    "input_load_time": 0,
    "workflows": {
        "create_base_text_units": {
            "overall": 0.18536686897277832,
            "0_orderby": 0.0017333030700683594,
            "1_zip": 0.0015151500701904297,
            "2_aggregate_override": 0.0037822723388671875,
            "3_chunk": 0.14934921264648438,
            "4_select": 0.0021581649780273438,
            "5_unroll": 0.003923892974853516,
            "6_rename": 0.0020210742950439453,
            "7_genid": 0.0023539066314697266,
            "8_unzip": 0.0024390220642089844,
            "9_copy": 0.0027379989624023438,
            "10_filter": 0.011945009231567383
        },
        "create_base_extracted_entities": {
            "overall": 14.237353086471558,
            "0_entity_extract": 14.221848011016846,
            "1_merge_graphs": 0.012291193008422852
        },
        "create_summarized_entities": {
            "overall": 1.9076459407806396,
            "0_summarize_descriptions": 1.9050068855285645
        },
        "create_base_entity_graph": {
            "overall": 0.018339157104492188,
            "0_cluster_graph": 0.01180410385131836,
            "1_select": 0.0036878585815429688
        },
        "create_final_entities": {
            "overall": 1.1506659984588623,
            "0_unpack_graph": 0.004584074020385742,
            "1_rename": 0.0036978721618652344,
            "2_select": 0.0036208629608154297,
            "3_dedupe": 0.003737211227416992,
            "4_rename": 0.0037071704864501953,
            "5_filter": 0.009596109390258789,
            "6_text_split": 0.004312038421630859,
            "7_drop": 0.004057884216308594,
            "8_merge": 0.006935834884643555,
            "9_text_embed": 1.0852668285369873,
            "10_drop": 0.005316257476806641,
            "11_filter": 0.012178182601928711
        },
        "create_final_nodes": {
            "overall": 0.09485483169555664,
            "0_layout_graph": 0.0106048583984375,
            "1_unpack_graph": 0.005990266799926758,
            "2_unpack_graph": 0.0066680908203125,
            "3_filter": 0.011495113372802734,
            "4_drop": 0.005548238754272461,
            "5_select": 0.005460262298583984,
            "6_rename": 0.0056188106536865234,
            "7_convert": 0.02221393585205078,
            "8_join": 0.009675025939941406,
            "9_rename": 0.006300926208496094
        },
        "create_final_communities": {
            "overall": 0.13382792472839355,
            "0_unpack_graph": 0.007460832595825195,
            "1_unpack_graph": 0.0069730281829833984,
            "2_aggregate_override": 0.009704828262329102,
            "3_join": 0.008980989456176758,
            "4_join": 0.008385896682739258,
            "5_concat": 0.006737232208251953,
            "6_filter": 0.015032052993774414,
            "7_aggregate_override": 0.008130073547363281,
            "8_join": 0.009766101837158203,
            "9_filter": 0.01589798927307129,
            "10_fill": 0.007248878479003906,
            "11_merge": 0.00782918930053711,
            "12_copy": 0.007548093795776367,
            "13_select": 0.007735013961791992
        },
        "join_text_units_to_entity_ids": {
            "overall": 0.032533884048461914,
            "0_select": 0.0077550411224365234,
            "1_unroll": 0.008662939071655273,
            "2_aggregate_override": 0.008443832397460938
        },
        "create_final_relationships": {
            "overall": 0.11514687538146973,
            "0_unpack_graph": 0.00916910171508789,
            "1_filter": 0.018993854522705078,
            "2_rename": 0.008976936340332031,
            "3_filter": 0.019249916076660156,
            "4_drop": 0.009132862091064453,
            "5_compute_edge_combined_degree": 0.011887788772583008,
            "6_convert": 0.019309043884277344,
            "7_convert": 0.009603738784790039
        },
        "join_text_units_to_relationship_ids": {
            "overall": 0.048455238342285156,
            "0_select": 0.009283065795898438,
            "1_unroll": 0.0098419189453125,
            "2_aggregate_override": 0.010074138641357422,
            "3_select": 0.009399890899658203
        },
        "create_final_community_reports": {
            "overall": 16.180902004241943,
            "0_prepare_community_reports_nodes": 0.01071310043334961,
            "1_prepare_community_reports_edges": 0.010113954544067383,
            "2_restore_community_hierarchy": 0.01178884506225586,
            "3_prepare_community_reports": 0.020818233489990234,
            "4_create_community_reports": 16.104362964630127,
            "5_window": 0.012773752212524414
        },
        "create_final_text_units": {
            "overall": 0.08377289772033691,
            "0_select": 0.011002779006958008,
            "1_rename": 0.010619163513183594,
            "2_join": 0.013105154037475586,
            "3_join": 0.01314091682434082,
            "4_aggregate_override": 0.01370096206665039,
            "5_select": 0.01151585578918457
        },
        "create_base_documents": {
            "overall": 0.1517791748046875,
            "0_unroll": 0.012882232666015625,
            "1_select": 0.011536836624145508,
            "2_rename": 0.011955022811889648,
            "3_join": 0.014862060546875,
            "4_aggregate_override": 0.012807130813598633,
            "5_join": 0.022130966186523438,
            "6_rename": 0.02330613136291504,
            "7_convert": 0.030577898025512695
        },
        "create_final_documents": {
            "overall": 0.02982187271118164,
            "0_rename": 0.016382932662963867
        }
    }
}